word	old_phonetic	new_phonetic	old_pos	new_pos	note
reciprocal	/rɪˈsɪprək(ə)l/	/rɪˈsɪprək(ə)l/	adjective	adjective	
recognition	/ˌrekəɡˈnɪʃ(ə)n/	/ˌrekəɡˈnɪʃ(ə)n/	noun	noun	
recognize	/ˈrek.əɡ.naɪz/	/ˈrek.əɡ.naɪz/	verb	verb	
recollect	/ˈrecollect/		verb	verb	同形异读（多个读音段）
recreation	/ˈrecreation/		noun	noun	同形异读（多个读音段）
recruit	/rɪˈkruːt/	/rɪˈkruːt/	noun	noun	
rectangle	/ˈrektæŋɡl/	/ˈrektæŋɡl/	noun	noun	
redundant	/rɪˈdʌn.dənt/	/rɪˈdʌn.dənt/	adjective	adjective	
reflect	/rɪˈflekt/	/rɪˈflekt/	verb	verb	
reflection	/rɪˈflekʃən/	/rɪˈflekʃən/	noun	noun	
refrain	/rɪˈfreɪn/	/rɪˈfreɪn/	verb	verb	
refuge	/ˈrefjuːdʒ/	/ˈrefjuːdʒ/	noun	noun	
refugee	/ˈrefugee/		noun	noun	重音歧义(候选之一 /ˈrefjʊdʒiː/)
refund	/ˈrefund/		verb	verb	重音歧义(候选之一 /rɪˈfʌnd/)
refute	/rɪˈfjuːt/	/rɪˈfjuːt/	verb	verb	
regret	/rɪˈɡret/	/rɪˈɡret/	verb	verb	
rehearsal	/rɪˈhɜːsl/	/rɪˈhɜːsl/	noun	noun	
reinforce	/ˌriː.ɪnˈfɔːs/	/ˌriː.ɪnˈfɔːs/	verb	verb	
reluctant	/rɪˈlʌktənt/	/rɪˈlʌktənt/	adjective	adjective	
remain	/rɪˈmeɪn/	/rɪˈmeɪn/	noun	noun	
remainder	/rɪˈmeɪndə/	/rɪˈmeɪndə/	noun	noun	
remains	/rɪˈmeɪnz/	/rɪˈmeɪnz/	noun	noun	
remark	/ˈremark/		noun	noun	同形异读（多个读音段）
remarkable	/rɪˈmɑː.kə.bl/	/rɪˈmɑː.kə.bl/	adjective	adjective	
remedy	/ˈremədi/	/ˈremədi/	noun	noun	
remember	/rɪˈmem.bə/	/rɪˈmem.bə/	verb	verb	
remind	/rəˈmaɪnd/	/rəˈmaɪnd/	verb	verb	
remnant	/ˈremnənt/	/ˈremnənt/	noun	noun	
render	/ˈren.də/	/ˈren.də/	verb	verb	
repertoire	/ˈrep.ə.twɑː/	/ˈrep.ə.twɑː/	noun	noun	
reproach	/rɪˈprəʊtʃ/	/rɪˈprəʊtʃ/	noun	noun	
reptile	/ˈrep.taɪl/	/ˈrep.taɪl/	noun	noun	
rescue	/ˈres.kjuː/	/ˈres.kjuː/	verb	verb	
research	/ˈresearch/		noun	noun	重音歧义(候选之一 /ˈriːsɜːtʃ/)
resemblance	/rɪˈzembləns/	/rɪˈzembləns/	noun	noun	
resemble	/rɪˈzembəl/	/rɪˈzembəl/	verb	verb	
reservoir	/ˈrez.ə.vwɑː/	/ˈrez.ə.vwɑː/	noun	noun	
resort	/ˈresort/		noun	noun	同形异读（多个读音段）
resource	/ˈresource/		noun	noun	重音歧义(候选之一 /rɪˈzɔːs/)
rest	/ˈrest/		noun	noun	同形异读（多个读音段）
restaurant	/ˈrest(ə)rɒnt/	/ˈrest(ə)rɒnt/	noun	noun	
retire	/ˈretire/		verb	verb	同形异读（多个读音段）
retrieve	/rɪˈtriːv/	/rɪˈtriːv/	verb	verb	
return	/rɪˈtɜːn/	/rɪˈtɜːn/	verb	verb	
reveal	/rɪˈviːl/	/rɪˈviːl/	noun	noun	
revelation	/ˌrev.əˈleɪ.ʃən/	/ˌrev.əˈleɪ.ʃən/	noun	noun	
revenge	/rəˈvendʒ/	/rəˈvendʒ/	noun	noun	
review	/rɪˈvjuː/	/rɪˈvjuː/	noun	noun	
revive	/rɪˈvaɪv/	/rɪˈvaɪv/	verb	verb	
revolt	/rɪˈvəʊlt/	/rɪˈvəʊlt/	verb	verb	
rhythm	/ˈrɪð.əm/	/ˈrɪð.əm/	noun	noun	
ribbon	/ˈrɪbən/	/ˈrɪbən/	noun	noun	
riddle	/ˈrɪdəl/	/ˈrɪdəl/	noun	noun	
ridiculous	/rɪˈdɪk.jʊ.ləs/	/rɪˈdɪk.jʊ.ləs/	adjective	adjective	
rigorous	/ˈrɪɡərəs/	/ˈrɪɡərəs/	adjective	adjective	
ritual	/ˈrɪtʃ.u.əl/	/ˈrɪtʃ.u.əl/	adjective	adjective	
robust	/rəʊˈbʌst/	/rəʊˈbʌst/	adjective	adjective	
romance	/ˈromance/		noun	noun	重音歧义(候选之一 /rə(ʊ)ˈman(t)s/)
romantic	/ˈromantic/		adjective	adjective	重音歧义(候选之一 /rə(ʊ)ˈmæntɪk/)
roundabout	/ˈraʊndəˌbaʊt/	/ˈraʊndəˌbaʊt/	noun	adjective	
rubber	/ˈrʌbə/	/ˈrʌbə/	noun	noun	
rubbish	/ˈrʌbɪʃ/	/ˈrʌbɪʃ/	noun	noun	
rumor	/ˈruːmə/	/ˈruːmə/	noun	noun	
sacred	/ˈsacred/		adjective	adjective	同形异读（多个读音段）
sacrifice	/ˈsæk.rɪ.faɪs/	/ˈsæk.rɪ.faɪs/	noun	noun	
saddle	/ˈsædl/	/ˈsædl/	noun	noun	
sail	/seɪl/	/seɪl/	noun	noun	
sailor	/ˈseɪ.lə/	/ˈseɪ.lə/	noun	noun	
saint	/sən(t)/	/sən(t)/	noun	noun	
sake	/ˈseɪk/	/ˈseɪk/	noun	noun	
salad	/ˈsalad/		noun	noun	重音歧义(候选之一 /ˈsæl.əd/)
salary	/ˈsæləri/	/ˈsæləri/	noun	noun	
sale	/seɪl/	/seɪl/	noun	noun	
salesman	/ˈsalesman/		noun	noun	无 IPA
salt	/sɒlt/	/sɒlt/	noun	noun	
same	/seɪm/	/seɪm/	adjective	adjective	
sample	/ˈsɑːm.pəl/	/ˈsɑːm.pəl/	noun	noun	
sanction	/ˈsæŋkʃən/	/ˈsæŋkʃən/	noun	noun	
sand	/sænd/	/sænd/	noun	noun	
sandwich	/ˈsæn(d).wɪdʒ/	/ˈsæn(d).wɪdʒ/	noun	noun	
sane	/seɪn/	/seɪn/	adjective	adjective	
sarcastic	/sɑːˈkæs.tɪk/	/sɑːˈkæs.tɪk/	adjective	adjective	
satellite	/ˈsætəlaɪt/	/ˈsætəlaɪt/	noun	noun	
satire	/ˈsætaɪə/	/ˈsætaɪə/	noun	noun	
sauce	/sɔːs/	/sɔːs/	noun	noun	
saucer	/ˈsɔːsə/	/ˈsɔːsə/	noun	noun	
sausage	/ˈsɒsɪdʒ/	/ˈsɒsɪdʒ/	noun	noun	
savage	/ˈsævɪdʒ/	/ˈsævɪdʒ/	adjective	adjective	
saw	/sɔː/	/sɔː/	noun	noun	
say	/seɪ/	/seɪ/	verb	verb	
scan	/skæn/	/skæn/	verb	verb	
scandal	/ˈskændəl/	/ˈskændəl/	noun	noun	
scar	/skɑː(r)/	/skɑː(r)/	noun	noun	
scarce	/ˈskeəs/	/ˈskeəs/	adjective	adjective	
scare	/skeə/	/skeə/	noun	noun	
scarf	/skɑːf/	/skɑːf/	noun	noun	
scatter	/ˈskætə/	/ˈskætə/	verb	verb	
scene	/siːn/	/siːn/	noun	noun	
scenery	/ˈsiːnəri/	/ˈsiːnəri/	noun	noun	
scent	/sent/	/sent/	noun	noun	
schedule	/ˈʃedʒuːl/	/ˈʃedʒuːl/	noun	noun	
scholarship	/ˈskɒləʃɪp/	/ˈskɒləʃɪp/	noun	noun	
scissors	/ˈsɪzəz/	/ˈsɪzəz/	noun	noun	
scold	/ˈskəʊld/	/ˈskəʊld/	noun	noun	
scope	/skəʊp/	/skəʊp/	noun	noun	
score	/skɔː/	/skɔː/	noun	noun	
scorn	/skɔːn/	/skɔːn/	verb	verb	
scout	/ˈskaʊt/	/ˈskaʊt/	noun	noun	
scramble	/ˈskræmbl/	/ˈskræmbl/	verb	verb	
scrap	/ˈskræp/	/ˈskræp/	noun	noun	
scrape	/skreɪp/	/skreɪp/	verb	verb	
scratch	/skrætʃ/	/skrætʃ/	verb	verb	
scream	/skriːm/	/skriːm/	noun	noun	
screen	/ˈskriːn/	/ˈskriːn/	noun	noun	
screw	/ˈskruː/	/ˈskruː/	noun	noun	
scrutiny	/ˈskruː.tɪ.ni/	/ˈskruː.tɪ.ni/	noun	noun	
sculpture	/ˈskʌlptj(ʊ)ə/	/ˈskʌlptj(ʊ)ə/	noun	noun	
sea	/siː/	/siː/	noun	noun	
seal	/siːl/	/siːl/	noun	noun	
seam	/ˈsiːm/	/ˈsiːm/	noun	noun	
search	/sɜːtʃ/	/sɜːtʃ/	noun	noun	
seaside	/ˌsiːˈsaɪd/	/ˌsiːˈsaɪd/	noun	noun	
season	/ˈseason/		noun	noun	无 IPA
seat	/siːt/	/siːt/	noun	noun	
secret	/ˈsiː.krɪt/	/ˈsiː.krɪt/	noun	noun	
secretary	/ˈsek.rə.tə.ri/	/ˈsek.rə.tə.ri/	noun	noun	
see	/siː/	/siː/	verb	verb	
seek	/ˈsiːk/	/ˈsiːk/	verb	verb	
seem	/ˈsiːm/	/ˈsiːm/	verb	verb	
segregate	/ˈseɡrəɡət/	/ˈseɡrəɡət/	adjective	adjective	
seize	/ˈsiːz/	/ˈsiːz/	verb	verb	
seldom	/ˈseldəm/	/ˈseldəm/	adverb	adverb	
selection	/səˈlekʃən/	/səˈlekʃən/	noun	noun	
self	/ˈself/	/ˈself/	noun	pronoun	
selfish	/ˈsel.fɪʃ/	/ˈsel.fɪʃ/	adjective	adjective	
sell	/sel/	/sel/	verb	verb	
semester	/sɪˈmestə/	/sɪˈmestə/	noun	noun	
seminar	/ˈsemɪnɑː/	/ˈsemɪnɑː/	noun	noun	
senate	/ˈsenɪt/	/ˈsenɪt/	noun	noun	
senator	/ˈsen.ə.tə/	/ˈsen.ə.tə/	noun	noun	
send	/send/	/send/	verb	verb	
senior	/ˈsiːnjə(r)/	/ˈsiːnjə(r)/	adjective	adjective	
sentiment	/ˈsen.tɪ.mənt/	/ˈsen.tɪ.mənt/	noun	noun	
september	/ˈseptember/		noun		无 English 段
serial	/ˈsɪə.rɪ.əl/	/ˈsɪə.rɪ.əl/	adjective	adjective	
series	/ˈsɪə.riːz/	/ˈsɪə.riːz/	noun	noun	
serious	/ˈsɪə.ri.əs/	/ˈsɪə.ri.əs/	adjective	adjective	
setback	/ˈsetbæk/	/ˈsetbæk/	noun	noun	
setting	/ˈsetɪŋ/	/ˈsetɪŋ/	noun	noun	
settle	/ˈse.təl/	/ˈse.təl/	verb	verb	
settlement	/ˈse.təl.mənt/	/ˈse.təl.mənt/	noun	noun	
several	/ˈsev.(ə.)rəl/	/ˈsev.(ə.)rəl/	adjective	adjective	
severe	/sɪˈvɪə/	/sɪˈvɪə/	adjective	adjective	
sew	/ˈsew/		verb	verb	同形异读（多个读音段）
sex	/ˈseks/	/ˈseks/	noun	noun	
shabby	/ˈʃæbi/	/ˈʃæbi/	adjective	adjective	
shade	/ʃeɪd/	/ʃeɪd/	noun	noun	
shadow	/ˈʃædəʊ/	/ˈʃædəʊ/	noun	noun	
shady	/ˈʃeɪdi/	/ˈʃeɪdi/	adjective	adjective	
shaft	/ˈʃɑːft/	/ˈʃɑːft/	noun	noun	
shake	/ˈʃeɪk/	/ˈʃeɪk/	verb	verb	
shallow	/ˈʃæləʊ/	/ˈʃæləʊ/	adjective	adjective	
sham	/ˈʃæm/	/ˈʃæm/	adjective	adjective	
shame	/ˈʃeɪm/	/ˈʃeɪm/	noun	noun	
shampoo	/ˈshampoo/		noun	noun	重音歧义(候选之一 /ʃæmˈpuː/)
shape	/ˈʃeɪp/	/ˈʃeɪp/	noun	noun	
share	/ʃeə/	/ʃeə/	noun	noun	
shark	/ʃɑːk/	/ʃɑːk/	noun	noun	
sharp	/ʃɑːp/	/ʃɑːp/	adjective	adjective	
shatter	/ˈʃætə/	/ˈʃætə/	verb	verb	
shave	/ˈʃeɪv/	/ˈʃeɪv/	verb	verb	
shear	/ʃɪə/	/ʃɪə/	verb	verb	
shed	/ʃed/	/ʃed/	verb	verb	
sheep	/ˈʃiːp/	/ˈʃiːp/	noun	noun	
sheer	/ʃɪə/	/ʃɪə/	adjective	adjective	
sheet	/ʃiːt/	/ʃiːt/	noun	noun	
shelf	/ʃelf/	/ʃelf/	noun	noun	
shell	/ʃel/	/ʃel/	noun	noun	
shelter	/ˈʃeltə/	/ˈʃeltə/	noun	noun	
shepherd	/ˈʃepəd/	/ˈʃepəd/	noun	noun	
shield	/ˈʃiːld/	/ˈʃiːld/	noun	noun	
shift	/ˈʃɪft/	/ˈʃɪft/	noun	noun	
shilling	/ˈʃɪlɪŋ/	/ˈʃɪlɪŋ/	noun	noun	
shine	/ʃaɪn/	/ʃaɪn/	verb	verb	
ship	/ˈʃɪp/	/ˈʃɪp/	noun	noun	
shipment	/ˈʃɪpmənt/	/ˈʃɪpmənt/	noun	noun	
shirt	/ʃɜːt/	/ʃɜːt/	noun	noun	
shock	/ʃɒk/	/ʃɒk/	noun	noun	
shoe	/ˈʃuː/	/ˈʃuː/	noun	noun	
shoot	/ʃuːt/	/ʃuːt/	verb	verb	
shop	/ʃɒp/	/ʃɒp/	noun	noun	
shopkeeper	/ˈʃɒpkiːpə/	/ˈʃɒpkiːpə/	noun	noun	
shore	/ʃɔː/	/ʃɔː/	noun	noun	
short	/ʃɔːt/	/ʃɔːt/	adjective	adjective	
shortage	/ˈʃɔː(r)tɪdʒ/	/ˈʃɔː(r)tɪdʒ/	noun	noun	
shortcoming	/ˈʃɔːtˌkʌmɪŋ/	/ˈʃɔːtˌkʌmɪŋ/	noun	noun	
shorthand	/ˈʃɔːthænd/	/ˈʃɔːthænd/	noun	noun	
shortly	/ˈʃɔrtli/	/ˈʃɔrtli/	adverb	adverb	
shot	/ʃɒt/	/ʃɒt/	noun	adjective	
shoulder	/ˈʃəʊldə/	/ˈʃəʊldə/	noun	noun	
shout	/ʃaʊt/	/ʃaʊt/	noun	noun	
shove	/ˈshove/		verb	verb	同形异读（多个读音段）
show	/ʃəʊ/	/ʃəʊ/	verb	verb	
shower	/ˈshower/		noun	noun	同形异读（多个读音段）
shrewd	/ʃruːd/	/ʃruːd/	adjective	adjective	
shrink	/ˈʃrɪŋk/	/ˈʃrɪŋk/	verb	verb	
shrug	/ˈʃrʌɡ/	/ˈʃrʌɡ/	noun	noun	
shut	/ʃʊt/	/ʃʊt/	verb	verb	
shutter	/ˈʃʌtə/	/ˈʃʌtə/	noun	noun	
shuttle	/ˈʃʌtəl/	/ˈʃʌtəl/	noun	noun	
shy	/ʃaɪ/	/ʃaɪ/	adjective	adjective	
sick	/ˈsɪk/	/ˈsɪk/	adjective	adjective	
side	/ˈsaɪd/	/ˈsaɪd/	noun	noun	
sideways	/ˈsaɪdweɪz/	/ˈsaɪdweɪz/	adverb		保留原词性(adverb)
siege	/siːdʒ/	/siːdʒ/	noun	noun	
sigh	/saɪ/	/saɪ/	verb	verb	
sight	/saɪt/	/saɪt/	noun	noun	
sightseeing	/ˈsightseeing/		noun	noun	无 IPA
silence	/ˈsaɪlən(t)s/	/ˈsaɪlən(t)s/	noun	noun	
silent	/ˈsaɪlənt/	/ˈsaɪlənt/	adjective	adjective	
silicon	/ˈsɪləkɒn/	/ˈsɪləkɒn/	noun	noun	
silk	/sɪlk/	/sɪlk/	noun	noun	
silly	/ˈsɪl.i/	/ˈsɪl.i/	adjective	adjective	
silver	/ˈsɪl.və/	/ˈsɪl.və/	noun	noun	
simplicity	/sɪmˈplɪsɪti/	/sɪmˈplɪsɪti/	noun	noun	
simplify	/ˈsɪmplɪfaɪ/	/ˈsɪmplɪfaɪ/	verb	verb	
simply	/ˈsɪmpli/	/ˈsɪmpli/	adverb	adverb	
sin	/ˈsin/		noun	noun	同形异读（多个读音段）
sincere	/sɪnˈsɪə(r)/	/sɪnˈsɪə(r)/	adjective	adjective	
sing	/ˈsɪŋɡ/	/ˈsɪŋɡ/	verb	verb	
single	/ˈsɪŋɡl/	/ˈsɪŋɡl/	adjective	adjective	
singular	/ˈsɪŋ.ɡjʊ.lə/	/ˈsɪŋ.ɡjʊ.lə/	adjective	adjective	
sink	/ˈsɪŋk/	/ˈsɪŋk/	verb	verb	
sip	/sɪp/	/sɪp/	noun	noun	
sir	/sɜː/	/sɜː/	noun	noun	
siren	/ˈsaɪərən/	/ˈsaɪərən/	noun	noun	
sister	/ˈsɪs.tə(r)/	/ˈsɪs.tə(r)/	noun	noun	
sit	/sɪt/	/sɪt/	verb	verb	
site	/saɪt/	/saɪt/	noun	noun	
situated	/ˈsɪtʃueɪtɪd/	/ˈsɪtʃueɪtɪd/	adjective	adjective	
situation	/ˌsɪt.juːˈeɪ.ʃən/	/ˌsɪt.juːˈeɪ.ʃən/	noun	noun	
size	/saɪz/	/saɪz/	noun	noun	
skate	/skeɪt/	/skeɪt/	noun	noun	
skeleton	/ˈskelɪtən/	/ˈskelɪtən/	noun	noun	
skeptical	/ˈskeptɪkəl/	/ˈskeptɪkəl/	adjective	adjective	
sketch	/ˈsketʃ/	/ˈsketʃ/	verb	verb	
ski	/skiː/	/skiː/	noun	noun	
skill	/skɪl/	/skɪl/	noun	noun	
skilled	/skɪld/	/skɪld/	adjective	adjective	
skillful	/ˈskɪl.fəl/	/ˈskɪl.fəl/	adjective	adjective	
skim	/skɪm/	/skɪm/	verb	verb	
skin	/skɪn/	/skɪn/	noun	noun	
skip	/skɪp/	/skɪp/	verb	verb	
skirt	/skɜːt/	/skɜːt/	noun	noun	
skull	/skʊl/	/skʊl/	noun	noun	
sky	/skaɪ/	/skaɪ/	noun	noun	
skyscraper	/ˈskaɪˌskreɪp.ə(r)/	/ˈskaɪˌskreɪp.ə(r)/	noun	noun	
slack	/slæk/	/slæk/	noun	noun	
slam	/ˈslæm/	/ˈslæm/	verb	verb	
slap	/slæp/	/slæp/	noun	noun	
slaughter	/ˈslɔːtə/	/ˈslɔːtə/	noun	noun	
slave	/sleɪv/	/sleɪv/	noun	noun	
sleep	/sliːp/	/sliːp/	verb	verb	
sleeve	/sliːv/	/sliːv/	noun	noun	
slender	/ˈslendə/	/ˈslendə/	adjective	adjective	
slice	/slaɪs/	/slaɪs/	noun	noun	
slide	/ˈslaɪd/	/ˈslaɪd/	verb	verb	
slight	/slaɪt/	/slaɪt/	adjective	adjective	
slim	/ˈslɪm/	/ˈslɪm/	adjective	adjective	
slip	/ˈslɪp/	/ˈslɪp/	verb	verb	
slipper	/ˈslɪpə(r)/	/ˈslɪpə(r)/	noun	noun	
slippery	/ˈslɪpəri/	/ˈslɪpəri/	adjective	adjective	
slit	/ˈslɪt/	/ˈslɪt/	noun	noun	
slogan	/ˈsləʊɡ(ə)n/	/ˈsləʊɡ(ə)n/	noun	noun	
slope	/sləʊp/	/sləʊp/	noun	noun	
slot	/slɒt/	/slɒt/	noun	noun	
slow	/sləʊ/	/sləʊ/	adjective	adjective	
slum	/slʌm/	/slʌm/	noun	noun	
sly	/slaɪ/	/slaɪ/	adjective	adjective	
small	/smɔːl/	/smɔːl/	adjective	adjective	
smart	/smɑːt/	/smɑːt/	adjective		保留原词性(adjective)
smash	/smæʃ/	/smæʃ/	noun	noun	
smell	/smel/	/smel/	noun	noun	
smile	/ˈsmaɪl/	/ˈsmaɪl/	noun	noun	
smog	/smɒɡ/	/smɒɡ/	noun	noun	
smoke	/sməʊk/	/sməʊk/	noun	noun	
smooth	/smuːð/	/smuːð/	adjective	adjective	
smuggle	/ˈsmʌɡəl/	/ˈsmʌɡəl/	verb	verb	
snack	/snæk/	/snæk/	noun	noun	
snake	/sneɪk/	/sneɪk/	noun	noun	
snap	/snæp/	/snæp/	noun	noun	
snatch	/snætʃ/	/snætʃ/	verb	verb	
sneak	/sniːk/	/sniːk/	noun	noun	
sneeze	/sniːz/	/sniːz/	verb	verb	
sniff	/snɪf/	/snɪf/	verb	verb	
snow	/snəʊ/	/snəʊ/	noun	noun	
snowstorm	/ˈsnəʊstɔːm/	/ˈsnəʊstɔːm/	noun	noun	
soak	/səʊk/	/səʊk/	verb	verb	
soap	/səʊp/	/səʊp/	noun	noun	
soar	/sɔː/	/sɔː/	verb	verb	
sob	/sɒb/	/sɒb/	noun	noun	
sober	/ˈsəʊ.bə(r)/	/ˈsəʊ.bə(r)/	adjective	adjective	
soccer	/ˈsɒk.ə/	/ˈsɒk.ə/	noun	noun	
sock	/sɒk/	/sɒk/	noun	noun	
soda	/ˈsəʊdə/	/ˈsəʊdə/	noun	noun	
sofa	/ˈsəʊfə/	/ˈsəʊfə/	noun	noun	
soft	/sɒft/	/sɒft/	adjective	adjective	
software	/ˈsɒf(t)ˌweə/	/ˈsɒf(t)ˌweə/	noun	noun	
soil	/sɔɪl/	/sɔɪl/	noun	noun	
soldier	/ˈsəʊldʒə/	/ˈsəʊldʒə/	noun	noun	
solemn	/ˈsɒləm/	/ˈsɒləm/	adjective	adjective	
somebody	/ˈsʌmbˌɒdi/	/ˈsʌmbˌɒdi/	pronoun	pronoun	
someone	/ˈsʌmwʌn/	/ˈsʌmwʌn/	pronoun	pronoun	
something	/ˈsʌm.θɪŋ/	/ˈsʌm.θɪŋ/	pronoun	pronoun	
sometime	/ˈsʌmˌtaɪm/	/ˈsʌmˌtaɪm/	adverb	adverb	
sometimes	/ˈsʌm.taɪmz/	/ˈsʌm.taɪmz/	adverb	adverb	
somewhere	/ˈsʌmweə/	/ˈsʌm.weə/	adverb	adverb	
son	/ˈson/		noun	noun	同形异读（多个读音段）
song	/sɒŋ/	/sɒŋ/	noun	noun	
soon	/suːn/	/suːn/	adverb		保留原词性(adverb)
sophisticated	/ˈsophisticated/		adjective	adjective	无 IPA
sore	/sɔː/	/sɔː/	adjective	adjective	
sorrow	/ˈsɒrəʊ/	/ˈsɒrəʊ/	noun	noun	
sorry	/ˈsɒri/	/ˈsɒri/	adjective	adjective	
sort	/sɔːt/	/sɔːt/	noun	noun	
soul	/səʊl/	/səʊl/	noun	noun	
sound	/ˈsaʊnd/	/ˈsaʊnd/	adjective	adjective	
soup	/suːp/	/suːp/	noun	noun	
sour	/ˈsaʊ.ə/	/ˈsaʊ.ə/	adjective	adjective	
source	/sɔːs/	/sɔːs/	noun	noun	
south	/ˈsaʊθ/	/ˈsaʊθ/	noun	noun	
southeast	/sawˈθɪjst/	/sawˈθɪjst/	noun	noun	
southern	/ˈsʌðən/	/ˈsʌðən/	adjective	adjective	
southwest	/saʊθˈwest/	/saʊθˈwest/	noun	noun	
sovereign	/ˈsɒv.rɪn/	/ˈsɒv.rɪn/	adjective	adjective	
sow	/ˈsow/		noun	noun	同形异读（多个读音段）
spade	/speɪd/	/speɪd/	noun	noun	
span	/ˈspan/		noun	noun	同形异读（多个读音段）
spare	/speə(r)/	/speə(r)/	adjective	adjective	
spark	/ˈspɑːk/	/ˈspɑːk/	noun	noun	
sparkle	/ˈspɑː.kəl/	/ˈspɑː.kəl/	noun	noun	
speak	/spiːk/	/spiːk/	verb	verb	
speaker	/ˈspiːkə/	/ˈspiːkə/	noun	noun	
spear	/spɪə(r)/	/spɪə(r)/	noun	noun	
speech	/spiːtʃ/	/spiːtʃ/	noun	noun	
speed	/spiːd/	/spiːd/	noun	noun	
spell	/spel/	/spel/	noun	noun	
spelling	/ˈspel.ɪŋ/	/ˈspel.ɪŋ/	noun	noun	
spicy	/ˈspaɪsi/	/ˈspaɪsi/	adjective	adjective	
spider	/ˈspaɪdə/	/ˈspaɪdə/	noun	noun	
spill	/spɪl/	/spɪl/	verb	verb	
spin	/spɪn/	/spɪn/	verb	verb	
spine	/spaɪn/	/spaɪn/	noun	noun	
spit	/spɪt/	/spɪt/	noun	noun	
spite	/spaɪt/	/spaɪt/	noun	noun	
splash	/splæʃ/	/splæʃ/	noun	noun	
splendid	/ˈsplendɪd/	/ˈsplendɪd/	adjective	adjective	
split	/splɪt/	/splɪt/	verb	verb	
spoil	/spɔɪl/	/spɔɪl/	verb	verb	
spokesman	/ˈspokesman/		noun	noun	无 IPA
sponge	/spʌndʒ/	/spʌndʒ/	noun	noun	
spontaneous	/spɒnˈteɪ.ni.əs/	/spɒnˈteɪ.ni.əs/	adjective	adjective	
spoon	/spuːn/	/spuːn/	noun	noun	
sportsman	/ˈsportsman/		noun	noun	无 IPA
spot	/spɒt/	/spɒt/	noun	noun	
spouse	/spaʊs/	/spaʊs/	noun	noun	
spray	/spreɪ/	/spreɪ/	noun	noun	
spread	/ˈspread/		verb	verb	同形异读（多个读音段）
spring	/ˈsprɪŋ/	/ˈsprɪŋ/	verb	verb	
sprinkle	/ˈsprɪŋkəl/	/ˈsprɪŋkəl/	verb	verb	
sprout	/spraʊt/	/spraʊt/	noun	noun	
spur	/spɜː/	/spɜː/	noun	noun	
spy	/spaɪ/	/spaɪ/	noun	noun	
square	/skweə/	/skweə/	noun	noun	
squeeze	/skwiːz/	/skwiːz/	verb	verb	
squirrel	/ˈskwɪ.r(ə)l/	/ˈskwɪ.r(ə)l/	noun	noun	
stab	/stæb/	/stæb/	noun	noun	
stability	/stəˈbɪlɪti/	/stəˈbɪlɪti/	noun	noun	
stack	/stæk/	/stæk/	noun	noun	
stadium	/ˈsteɪ.di.əm/	/ˈsteɪ.di.əm/	noun	noun	
staff	/stɑːf/	/stɑːf/	noun	noun	
stage	/ˈstage/		noun	noun	同形异读（多个读音段）
stagger	/ˈstæɡə/	/ˈstæɡə/	noun	noun	
stain	/steɪn/	/steɪn/	noun	noun	
stair	/steə/	/steə/	noun	noun	
staircase	/ˈsterˌkeɪs/	/ˈsterˌkeɪs/	noun	noun	
stake	/steɪk/	/steɪk/	noun	noun	
stale	/steɪl/	/steɪl/	adjective	adjective	
stalk	/stɔːk/	/stɔːk/	noun	noun	
stall	/stɔːl/	/stɔːl/	noun	noun	
stamp	/stæmp/	/stæmp/	noun	noun	
standard	/ˈstændəd/	/ˈstændəd/	adjective	adjective	
standpoint	/ˈstændpɔɪnt/	/ˈstændpɔɪnt/	noun	noun	
staple	/ˈsteɪ.pəl/	/ˈsteɪ.pəl/	noun	noun	
star	/stɑː(r)/	/stɑː(r)/	noun	noun	
stare	/steə/	/steə/	verb	verb	
start	/stɑːt/	/stɑːt/	noun	noun	
startle	/ˈstɑːt(ə)l/	/ˈstɑːt(ə)l/	verb	verb	
starve	/stɑːv/	/stɑːv/	verb	verb	
steady	/ˈstedi/	/ˈstedi/	adjective	adjective	
steak	/steɪk/	/steɪk/	noun	noun	
steal	/stiːl/	/stiːl/	verb	verb	
steam	/stiːm/	/stiːm/	noun	noun	
steamer	/ˈstiːmə/	/ˈstiːmə/	noun	noun	
steel	/stiːl/	/stiːl/	noun	noun	
steep	/stiːp/	/stiːp/	adjective	adjective	
steer	/stɪə/	/stɪə/	verb	verb	
stem	/stem/	/stem/	noun	noun	
step	/step/	/step/	noun	noun	
stereo	/ˈste.ri.əʊ/	/ˈste.ri.əʊ/	noun	noun	
stern	/stɜːn/	/stɜːn/	adjective	adjective	
steward	/ˈstjuː.əd/	/ˈstjuː.əd/	noun	noun	
stick	/stɪk/	/stɪk/	noun	noun	
sticky	/ˈstɪki/	/ˈstɪki/	adjective	adjective	
stiff	/stɪf/	/stɪf/	adjective	adjective	
stimulate	/ˈstɪm.jʊ.leɪt/	/ˈstɪm.jʊ.leɪt/	verb	verb	
sting	/ˈstɪŋɡ/	/ˈstɪŋɡ/	noun	noun	
stir	/stɜː/	/stɜː/	verb	verb	
stitch	/stɪtʃ/	/stɪtʃ/	noun	noun	
stock	/stɒk/	/stɒk/	noun	noun	
stocking	/ˈstɒkɪŋ/	/ˈstɒkɪŋ/	noun	noun	
stomach	/ˈstʌmək/	/ˈstʌmək/	noun	noun	
stone	/stəʊn/	/stəʊn/	noun	noun	
stool	/stuːl/	/stuːl/	noun	noun	
stoop	/stuːp/	/stuːp/	noun	noun	
stop	/stɒp/	/stɒp/	verb	verb	
storey	/ˈstɔː.rɪ/	/ˈstɔː.rɪ/	noun	noun	
storm	/stɔːm/	/stɔːm/	noun	noun	
story	/ˈstɔː.ri/	/ˈstɔː.ri/	noun	noun	
stove	/stəʊv/	/stəʊv/	noun	noun	
straight	/streɪt/	/streɪt/	adjective	adjective	
straightforward	/ˌstreɪtˈfɔː(r)wə(r)d/	/ˌstreɪtˈfɔː(r)wə(r)d/	adjective	adjective	
strange	/streɪndʒ/	/streɪndʒ/	adjective	adjective	
stranger	/ˈstreɪndʒə(r)/	/ˈstreɪndʒə(r)/	noun	adjective	
strap	/stræp/	/stræp/	noun	noun	
strategy	/ˈstræt.ɪ.dʒɪ/	/ˈstræt.ɪ.dʒɪ/	noun	noun	
straw	/strɔː/	/strɔː/	noun	noun	
strawberry	/ˈstrɔːb(ə)ri/	/ˈstrɔːb(ə)ri/	noun	noun	
stream	/ˈstriːm/	/ˈstriːm/	noun	noun	
streamline	/ˈstriːmlaɪn/	/ˈstriːmlaɪn/	noun	noun	
street	/striːt/	/striːt/	noun	noun	
strength	/ˈstreŋθ/	/ˈstreŋθ/	noun	noun	
strengthen	/ˈstreŋ(k)θən/	/ˈstreŋ(k)θən/	verb	verb	
strenuous	/ˈstre.nju.əs/	/ˈstre.nju.əs/	adjective	adjective	
stress	/ˈstres/	/ˈstres/	noun	noun	
stretch	/stretʃ/	/stretʃ/	verb	verb	
stride	/straɪd/	/straɪd/	verb	verb	
strife	/straɪf/	/straɪf/	noun	noun	
strike	/straɪk/	/straɪk/	verb	verb	
striking	/ˈstraɪkɪŋ/	/ˈstraɪkɪŋ/	adjective	adjective	
string	/strɪŋ/	/strɪŋ/	noun	noun	
strip	/ˈstrɪp/	/ˈstrɪp/	noun	noun	
stripe	/straɪp/	/straɪp/	noun	noun	
strive	/ˈstraɪv/	/ˈstraɪv/	verb	verb	
stroke	/strəʊk/	/strəʊk/	noun	noun	
stroll	/strəʊl/	/strəʊl/	noun	noun	
strong	/strɒŋ/	/strɒŋ/	adjective	adjective	
struggle	/ˈstrʌɡəl/	/ˈstrʌɡəl/	noun	noun	
stubborn	/ˈstʌbən/	/ˈstʌbən/	adjective	adjective	
student	/ˈstʃuː.dnt/	/ˈstʃuː.dnt/	noun	noun	
studio	/ˈstjuːdi.əʊ/	/ˈstjuːdi.əʊ/	noun	noun	
study	/ˈstʌd.i/	/ˈstʌd.i/	verb	verb	
stuff	/stʌf/	/stʌf/	noun	noun	
stumble	/ˈstʊmbəl/	/ˈstʊmbəl/	noun	noun	
stun	/stʊn/	/stʊn/	verb	verb	
stupid	/ˈstjuːpɪd/	/ˈstjuːpɪd/	adjective	adjective	
sturdy	/ˈstɜːdi/	/ˈstɜːdi/	adjective	adjective	
style	/staɪl/	/staɪl/	noun	noun	
submarine	/ˈsubmarine/		noun	adjective	重音歧义(候选之一 /sʌb.məˈriːn/)
substantial	/səbˈstænʃəl/	/səbˈstænʃəl/	adjective	adjective	
subtle	/ˈsʌtl/	/ˈsʌtl/	adjective	adjective	
suburb	/ˈsʌbɜːb/	/ˈsʌbɜːb/	noun	noun	
subway	/ˈsʌbˌweɪ/	/ˈsʌbˌweɪ/	noun	noun	
suck	/sʌk/	/sʌk/	noun	noun	
sudden	/ˈsʌd.ən/	/ˈsʌd.ən/	adjective	adjective	
suffice	/ˈsuffice/		verb	verb	重音歧义(候选之一 /səˈfaɪs/)
sugar	/ˈʃʊɡə/	/ˈʃʊɡə/	noun	noun	
suicide	/ˈsuicide/		noun	noun	重音歧义(候选之一 /ˈs(j)uːɪˌsaɪd/)
sulfur	/ˈsʌl.fə/	/ˈsʌl.fə/	noun	noun	
summer	/ˈsʌmə/	/ˈsʌmə/	noun	noun	
summit	/ˈsummit/		noun	noun	同形异读（多个读音段）
summon	/ˈsʌmən/	/ˈsʌmən/	verb	verb	
sun	/sʊn/	/sʊn/	noun	noun	
sunrise	/ˈsʌnraɪz/	/ˈsʌnraɪz/	noun	noun	
sunset	/ˈsʌnˌset/	/ˈsʌnˌset/	noun	noun	
sunshine	/ˈsʌnʃaɪn/	/ˈsʌnʃaɪn/	noun	noun	
super	/ˈsuːpə/	/ˈsuːpə/	adjective	adjective	
supermarket	/ˌsuːpəˈmɑːkɪt/	/ˌsuːpəˈmɑːkɪt/	noun	noun	
supersonic	/ˈsupersonic/		adjective	adjective	无 IPA
supper	/ˈsʌpə/	/ˈsʌpə/	noun	noun	
surge	/sɜːdʒ/	/sɜːdʒ/	noun	noun	
surgeon	/ˈsɜːdʒən/	/ˈsɜːdʒən/	noun	noun	
surgery	/ˈsɜː.dʒə.ri/	/ˈsɜː.dʒə.ri/	noun	noun	
surname	/ˈsɜːˌneɪm/	/ˈsɜːˌneɪm/	noun	noun	
surrender	/səˈrendə(r)/	/səˈrendə(r)/	verb	verb	
survey	/ˈsurvey/		noun	noun	重音歧义(候选之一 /ˈsɜːveɪ/)
survival	/səˈvaɪ.vəl/	/səˈvaɪ.vəl/	noun	noun	
survive	/səˈvaɪv/	/səˈvaɪv/	verb	verb	
swallow	/ˈswɒl.əʊ/	/ˈswɒl.əʊ/	verb	verb	
swamp	/ˈswɒmp/	/ˈswɒmp/	noun	noun	
swan	/swɒn/	/swɒn/	noun	noun	
swarm	/swɔːm/	/swɔːm/	noun	noun	
sway	/ˈsweɪ/	/ˈsweɪ/	noun	noun	
swear	/ˈsweə(r)/	/ˈsweə(r)/	verb	verb	
sweat	/swet/	/swet/	noun	noun	
sweater	/ˈswetə/	/ˈswetə/	noun	noun	
sweep	/swiːp/	/swiːp/	verb	verb	
sweet	/swiːt/	/swiːt/	adjective	adjective	
swell	/swel/	/swel/	verb	verb	
swift	/swɪft/	/swɪft/	adjective	adjective	
swim	/swɪm/	/swɪm/	verb	verb	
swing	/ˈswɪŋ/	/ˈswɪŋ/	verb	verb	
switch	/swɪtʃ/	/swɪtʃ/	noun	noun	
sword	/sɔːd/	/sɔːd/	noun	noun	
symbol	/ˈsɪmbəl/	/ˈsɪmbəl/	noun	noun	
symposium	/sɪmˈpəʊziəm/	/sɪmˈpəʊziəm/	noun	noun	
symptom	/ˈsɪm(p)təm/	/ˈsɪm(p)təm/	noun	noun	
syndrome	/ˈsɪndrəʊm/	/ˈsɪndrəʊm/	noun	noun	
system	/ˈsɪstəm/	/ˈsɪstəm/	noun	noun	
systematic	/ˌsɪs.tɪˈmæt.ɪk/	/ˌsɪs.tɪˈmæt.ɪk/	adjective	adjective	
table	/ˈteɪbl/	/ˈteɪbl/	noun	noun	
tablet	/ˈtæblət/	/ˈtæblət/	noun	noun	
tackle	/ˈtækəl/	/ˈtækəl/	noun	noun	
tactic	/ˈtæktɪk/	/ˈtæktɪk/	noun	noun	
tag	/tæɡ/	/tæɡ/	noun	noun	
tail	/ˈteɪl/	/ˈteɪl/	noun	noun	
tale	/ˈteɪl/	/ˈteɪl/	noun	noun	
talent	/ˈtæl.ənt/	/ˈtæl.ənt/	noun	noun	
talk	/tɔːk/	/tɔːk/	verb	verb	
tall	/tɔːl/	/tɔːl/	adjective	adjective	
tame	/teɪm/	/teɪm/	adjective	adjective	
tan	/tæn/	/tæn/	noun	noun	
tangle	/ˈtæŋ.ɡəl/	/ˈtæŋ.ɡəl/	verb	verb	
tank	/ˈtæŋk/	/ˈtæŋk/	noun	noun	
tanker	/ˈtæŋkə/	/ˈtæŋkə/	noun	noun	
tap	/tæp/	/tæp/	noun	noun	
tape	/teɪp/	/teɪp/	noun	noun	
tar	/tɑː/	/tɑː/	noun	noun	
target	/ˈtɑː.ɡɪt/	/ˈtɑː.ɡɪt/	noun	noun	
tariff	/ˈtærɪf/	/ˈtærɪf/	noun	noun	
task	/tɑːsk/	/tɑːsk/	noun	noun	
taste	/teɪst/	/teɪst/	noun	noun	
tax	/tæks/	/tæks/	noun	noun	
taxi	/ˈtæksi/	/ˈtæksi/	noun	noun	
tea	/tiː/	/tiː/	noun	noun	
teach	/ˈtiːtʃ/	/ˈtiːtʃ/	verb	verb	
teacher	/ˈtiː.tʃə/	/ˈtiː.tʃə/	noun	noun	
team	/ˈtiːm/	/ˈtiːm/	noun	noun	
tear	/ˈtear/		verb	verb	同形异读（多个读音段）
tease	/tiːz/	/tiːz/	verb	verb	
tedious	/ˈtiː.dɪəs/	/ˈtiː.dɪəs/	adjective	adjective	
teenager	/ˈtiːnˌeɪdʒə/	/ˈtiːnˌeɪdʒə/	noun	noun	
telegram	/ˈteləˌɡræm/	/ˈteləˌɡræm/	noun	noun	
telescope	/ˈtel.ɪ.skəʊp/	/ˈtel.ɪ.skəʊp/	noun	noun	
tell	/tel/	/tel/	verb	verb	
temple	/ˈtem.pl/	/ˈtem.pl/	noun	noun	
tempo	/ˈtem.pəʊ/	/ˈtem.pəʊ/	noun	noun	
tennis	/ˈtenɪs/	/ˈtenɪs/	noun	noun	
tentative	/ˈtentətɪv/	/ˈtentətɪv/	noun	noun	
term	/tɜːm/	/tɜːm/	noun	noun	
terminal	/ˈterminal/		noun	noun	窄式记音超出库内字符集
terminate	/ˈterminate/		verb	verb	同形异读（多个读音段）
territory	/ˈterɪt(ə)ri/	/ˈterɪt(ə)ri/	noun	noun	
textbook	/ˈtekst.bʊk/	/ˈtekst.bʊk/	noun	noun	
thank	/ˈθæŋk/	/ˈθæŋk/	noun	noun	
theater	/ˈtheater/		noun	noun	重音歧义(候选之一 /ˈθiː.ə.tə/)
theft	/θeft/	/θeft/	noun	noun	
theirs	/ðeəz/	/ðeəz/	pronoun	pronoun	
theme	/θiːm/	/θiːm/	noun	noun	
themselves	/ðemˈselvz/	/ðemˈselvz/	pronoun	pronoun	
theoretical	/ˈtheoretical/		adjective	adjective	重音歧义(候选之一 /ˌθɪəˈretɪkəl/)
theory	/ˈθɪə.ri/	/ˈθɪə.ri/	noun	noun	
therapy	/ˈθer.ə.pi/	/ˈθer.ə.pi/	noun	noun	
thereafter	/ˌðeərˈɑːf.tə(r)/	/ˌðeərˈɑːf.tə(r)/	adverb	adverb	
thereby	/ðeəˈbaɪ/	/ðeəˈbaɪ/	adverb	adverb	
thermal	/ˈθɜːməl/	/ˈθɜːməl/	adjective	adjective	
thick	/θɪk/	/θɪk/	adjective	adjective	
thief	/ˈθiːf/	/ˈθiːf/	noun	noun	
thigh	/θaɪ/	/θaɪ/	noun	noun	
thin	/ˈfɪn/	/ˈfɪn/	adjective	adjective	
thing	/θɪŋ/	/θɪŋ/	noun	noun	
think	/ˈθɪŋk/	/ˈθɪŋk/	verb	verb	
thirst	/θɜːst/	/θɜːst/	noun	noun	
thirsty	/ˈθɜːs.ti/	/ˈθɜːs.ti/	adjective	adjective	
thirteen	/ˈthirteen/		noun	noun	重音歧义(候选之一 /ˌθɜːˈtiːn/)
thorn	/θɔːn/	/θɔːn/	noun	noun	
thorough	/ˈthorough/		adjective	adjective	重音歧义(候选之一 /ˈθʌrə/)
thought	/θɔːt/	/θɔːt/	noun	noun	
thoughtful	/ˈθɔːtfəl/	/ˈθɔːtfəl/	adjective	adjective	
thread	/ˈθred/	/ˈθred/	noun	noun	
threat	/θret/	/θret/	noun	noun	
threaten	/ˈθret.n/	/ˈθret.n/	verb	verb	
three	/θriː/	/θriː/	noun	noun	
threshold	/ˈθreʃəʊld/	/ˈθreʃəʊld/	noun	noun	
thrift	/ˈθrɪft/	/ˈθrɪft/	noun	noun	
thrill	/θrɪl/	/θrɪl/	verb	verb	
thrive	/θrajv/	/θrajv/	verb	verb	
throne	/θrəʊn/	/θrəʊn/	noun	noun	
through	/ˈthrough/		preposition	preposition	同形异读（多个读音段）
throughout	/θruːˈaʊt/	/θruːˈaʊt/	preposition	preposition	
throw	/θrəʊ/	/θrəʊ/	verb	verb	
thrust	/θrʊst/	/θrʊst/	noun	noun	
thumb	/ˈθʌm/	/ˈθʌm/	noun	noun	
thunder	/ˈθʌndə/	/ˈθʌndə/	noun	noun	
thursday	/ˈthursday/		noun		无 English 段
tick	/tɪk/	/tɪk/	noun	noun	
ticket	/ˈtɪk.ɪt/	/ˈtɪk.ɪt/	noun	noun	
tide	/taɪd/	/taɪd/	noun	noun	
tidy	/ˈtaɪ.di/	/ˈtaɪ.di/	adjective	adjective	
tie	/taɪ/	/taɪ/	noun	noun	
tiger	/ˈtaɪɡə/	/ˈtaɪɡə/	noun	noun	
tight	/taɪt/	/taɪt/	adjective	adjective	
tile	/taɪl/	/taɪl/	noun	noun	
till	/tɪl/	/tɪl/	preposition	preposition	
tilt	/tɪlt/	/tɪlt/	verb	verb	
timber	/ˈtɪmbə/	/ˈtɪmbə/	noun	noun	
time	/taɪm/	/taɪm/	noun	noun	
timely	/ˈtaɪm.li/	/ˈtaɪm.li/	adjective	adjective	
timid	/ˈtɪmɪd/	/ˈtɪmɪd/	adjective	adjective	
tin	/tɪn/	/tɪn/	noun	noun	
tiny	/ˈtaɪni/	/ˈtaɪni/	adjective	adjective	
tip	/tɪp/	/tɪp/	noun	noun	
tire	/ˈtaɪə(r)/	/ˈtaɪə(r)/	verb	verb	
tiresome	/ˈtaɪəsəm/	/ˈtaɪəsəm/	adjective	adjective	
tissue	/ˈtɪs.juː/	/ˈtɪs.juː/	noun	noun	
title	/ˈtaɪ.təl/	/ˈtaɪ.təl/	noun	noun	
toast	/təʊst/	/təʊst/	noun	noun	
tobacco	/təˈbækəʊ/	/təˈbækəʊ/	noun	noun	
today	/tʊˈdeɪ/	/tʊˈdeɪ/	adverb	adverb	
toe	/təʊ/	/təʊ/	noun	noun	
together	/tʊˈɡeð.ə/	/tʊˈɡeð.ə/	adverb	adverb	
toilet	/ˈtɔɪ.lət/	/ˈtɔɪ.lət/	noun	noun	
token	/ˈtəʊkən/	/ˈtəʊkən/	noun	noun	
toll	/təʊl/	/təʊl/	noun	noun	
tomato	/təˈmɑː.təʊ/	/təˈmɑː.təʊ/	noun	noun	
tomb	/tuːm/	/tuːm/	noun	noun	
tomorrow	/təˈmɒrəʊ/	/təˈmɒrəʊ/	adverb	adverb	
ton	/ˈton/		noun	noun	同形异读（多个读音段）
tone	/ˈtəʊn/	/ˈtəʊn/	noun	noun	
tongue	/tʌŋ/	/tʌŋ/	noun	noun	
tonight	/təˈnaɪt/	/təˈnaɪt/	adverb	adverb	
too	/tuː/	/tuː/	adverb	adverb	
tooth	/tuːθ/	/tuːθ/	noun	noun	
top	/tɒp/	/tɒp/	noun	noun	
topic	/ˈtɒpɪk/	/ˈtɒpɪk/	noun	adjective	
torch	/ˈtɔːtʃ/	/ˈtɔːtʃ/	noun	noun	
torrent	/ˈtɒrənt/	/ˈtɒrənt/	noun	noun	
toss	/tɒs/	/tɒs/	noun	noun	
total	/ˈtəʊ.tl/	/ˈtəʊ.tl/	noun	noun	
touch	/tʌtʃ/	/tʌtʃ/	verb	verb	
tough	/tʌf/	/tʌf/	adjective	adjective	
tour	/tɔː(r)/	/tɔː(r)/	noun	noun	
tourist	/ˈtʊərɪst/	/ˈtʊərɪst/	noun	noun	
tow	/ˈtow/		verb	verb	同形异读（多个读音段）
toward	/ˈtoward/		preposition	preposition	重音歧义(候选之一 /təˈwɔːd/)
towel	/ˈtaʊəl/	/ˈtaʊəl/	noun	noun	
tower	/ˈtower/		noun	noun	同形异读（多个读音段）
town	/ˈtaʊn/	/ˈtaʊn/	noun	noun	
toxic	/ˈtɒk.sɪk/	/ˈtɒk.sɪk/	adjective	adjective	
toy	/tɔɪ/	/tɔɪ/	noun	noun	
trace	/treɪs/	/treɪs/	noun	noun	
track	/ˈtræk/	/ˈtræk/	noun	noun	
trade	/treɪd/	/treɪd/	noun	noun	
trademark	/ˈtreɪdmɑːk/	/ˈtreɪdmɑːk/	noun	noun	
traffic	/ˈtræfɪk/	/ˈtræfɪk/	noun	noun	
tragic	/ˈtrædʒɪk/	/ˈtrædʒɪk/	adjective	adjective	
trail	/treɪl/	/treɪl/	verb	verb	
train	/ˈtreɪn/	/ˈtreɪn/	noun	noun	
training	/ˈtreɪnɪŋ/	/ˈtreɪnɪŋ/	noun	noun	
trait	/treɪ/	/treɪ/	noun	noun	
tram	/tram/	/tram/	noun	noun	
tramp	/ˈtræmp/	/ˈtræmp/	noun	noun	
transaction	/trænˈzækʃən/	/trænˈzækʃən/	noun	noun	
transient	/ˈtran.zi.ənt/	/ˈtran.zi.ənt/	adjective	adjective	
transistor	/ˈtransistor/		noun	noun	窄式记音超出库内字符集
translation	/trænzˈleɪʃən/	/trænzˈleɪʃən/	noun	noun	
transparent	/ˈtransparent/		adjective	adjective	同形异读（多个读音段）
trap	/træp/	/træp/	noun	noun	
trash	/træʃ/	/træʃ/	noun	noun	
travel	/ˈtrævəl/	/ˈtrævəl/	verb	verb	
treasure	/ˈtreʒər/	/ˈtreʒər/	noun	noun	
tree	/triː/	/triː/	noun	noun	
tremble	/ˈtrembl/	/ˈtrembl/	verb	verb	
tremendous	/trɪˈmendəs/	/trɪˈmendəs/	adjective	adjective	
trench	/ˈtrentʃ/	/ˈtrentʃ/	noun	noun	
trend	/trend/	/trend/	noun	noun	
trial	/ˈtraɪəl/	/ˈtraɪəl/	noun	noun	
triangle	/ˈtraɪəŋɡəl/	/ˈtraɪəŋɡəl/	noun	noun	
trick	/ˈtrɪk/	/ˈtrɪk/	noun	noun	
trifle	/ˈtraɪfəl/	/ˈtraɪfəl/	noun	noun	
trigger	/ˈtrɪɡə/	/ˈtrɪɡə/	noun	noun	
trim	/ˈtrɪm/	/ˈtrɪm/	verb	verb	
trip	/trɪp/	/trɪp/	noun	noun	
triumph	/ˈtraɪʌmf/	/ˈtraɪʌmf/	noun	noun	
trolley	/ˈtrolley/		noun	noun	无 IPA
troop	/truːp/	/truːp/	noun	noun	
tropic	/ˈtrɒpɪk/	/ˈtrɒpɪk/	noun	noun	
tropical	/ˈtrɒp.ɪ.kəl/	/ˈtrɒp.ɪ.kəl/	adjective	adjective	
trouble	/ˈtʃrʌbəl/	/ˈtʃrʌbəl/	noun	noun	
troublesome	/ˈtrʌbəlsəm/	/ˈtrʌbəlsəm/	adjective	adjective	
trousers	/ˈtraʊzəz/	/ˈtraʊzəz/	noun	noun	
truck	/trʌk/	/trʌk/	noun	noun	
true	/truː/	/truː/	adjective	adjective	
trumpet	/ˈtrʌmpɪt/	/ˈtrʌmpɪt/	noun	noun	
trunk	/trʌŋk/	/trʌŋk/	noun	noun	
trust	/trʊst/	/trʊst/	noun	noun	
truth	/truːθ/	/truːθ/	noun	noun	
try	/traɪ/	/traɪ/	verb	verb	
tub	/tʊb/	/tʊb/	noun	noun	
tube	/tuːb/	/tuːb/	noun	noun	
tuck	/tʊk/	/tʊk/	verb	verb	
tug	/ˈtʌɡ/	/ˈtʌɡ/	verb	verb	
tuition	/tjuːˈɪʃən/	/tjuːˈɪʃən/	noun	noun	
tumble	/ˈtʊmbl/	/ˈtʊmbl/	noun	noun	
tumour	/ˈtumour/		noun	noun	无 IPA
tune	/tjuːn/	/tjuːn/	noun	noun	
tunnel	/ˈtʌn(ə)l/	/ˈtʌn(ə)l/	noun	noun	
turkey	/ˈtɜːki/	/ˈtɜːki/	noun	noun	
turnover	/ˈturnover/		noun	noun	窄式记音超出库内字符集
tutor	/ˈtjuːtə/	/ˈtjuːtə/	noun	noun	
twice	/twaɪs/	/twaɪs/	adverb	adverb	
twin	/twɪn/	/twɪn/	noun	noun	
twinkle	/ˈtwɪŋ.kəl/	/ˈtwɪŋ.kəl/	verb	verb	
twist	/twɪst/	/twɪst/	noun	noun	
two	/tu/	/tu/	noun	noun	
typewriter	/ˈtypewriter/		noun	noun	无 IPA
typhoon	/taɪˈfuːn/	/taɪˈfuːn/	noun	noun	
ugly	/ˈʌɡli/	/ˈʌɡli/	adjective	adjective	
ultimate	/ˈʌltɪmət/	/ˈʌltɪmət/	adjective	adjective	
ultraviolet	/ˌʌltrəˈvaɪələt/	/ˌʌltrəˈvaɪələt/	adjective	adjective	
umbrella	/ˈumbrella/		noun	noun	重音歧义(候选之一 /ʌmˈbrel.ə/)
uncle	/ˈʌŋ.kl/	/ˈʌŋ.kl/	noun	noun	
under	/ˈʌndə/	/ˈʌndə/	preposition	preposition	
underestimate	/ˈunderestimate/		verb	verb	窄式记音超出库内字符集
undergo	/ˌʌndəˈɡəʊ/	/ˌʌndəˈɡəʊ/	verb	verb	
underground	/ˌʌn.dəˈɡraʊnd/	/ˌʌn.dəˈɡraʊnd/	adjective	adjective	
underlie	/ˌʌn.dəˈlaɪ/	/ˌʌn.dəˈlaɪ/	verb	verb	
underline	/ˈunderline/		noun	noun	重音歧义(候选之一 /ˈʌndəˌlaɪn/)
underlying	/ˈunderlying/		adjective	adjective	无 IPA
undermine	/ˌʌn.dəˈmaɪn/	/ˌʌn.dəˈmaɪn/	verb	verb	
underneath	/ˌʌndəˈniːθ/	/ˌʌndəˈniːθ/	adverb	adverb	
understand	/ˌʌndəˈstænd/	/ˌʌndəˈstænd/	verb	verb	
understanding	/ʌndəˈstandɪŋ/	/ʌndəˈstandɪŋ/	noun	noun	
undertake	/ˌʌndəˈteɪk/	/ˌʌndəˈteɪk/	verb	verb	
undo	/ʌnˈduː/	/ʌnˈduː/	verb	verb	
uneasy	/ʌnˈiːzi/	/ʌnˈiːzi/	adjective	adjective	
unexpected	/ʌnɪkˈspektɪd/	/ʌnɪkˈspektɪd/	adjective	adjective	
unfold	/ʌnˈfəʊld/	/ʌnˈfəʊld/	verb	verb	
unlike	/ʌnˈlaɪk/	/ʌnˈlaɪk/	adjective	adjective	
unlikely	/ʌnˈlaɪkli/	/ʌnˈlaɪkli/	adjective	adjective	
unload	/ʌnˈləʊd/	/ʌnˈləʊd/	verb	verb	
until	/ˈuntil/		preposition	preposition	重音歧义(候选之一 /ʌnˈtɪl/)
unusual	/ʌnˈjuːʒ(u)əl/	/ʌnˈjuːʒ(u)əl/	adjective	adjective	
up	/ʌp/	/ʌp/	adverb	adverb	
voice	/vɔɪs/	/vɔɪs/	noun	noun	
void	/vɔɪd/	/vɔɪd/	adjective	adjective	
volcano	/vɒlˈkeɪ.nəʊ/	/vɒlˈkeɪ.nəʊ/	noun	noun	
volleyball	/ˈvɒlibɔ(ː)l/	/ˈvɒlibɔ(ː)l/	noun	noun	
volt	/vəʊlt/	/vəʊlt/	noun	noun	
voltage	/ˈvəʊltɪdʒ/	/ˈvəʊltɪdʒ/	noun	noun	
voluntary	/ˈvoluntary/		adjective	adjective	重音歧义(候选之一 /ˈvɒl.ən.tri/)
volunteer	/ˌvɒl(ə)nˈtɪə/	/ˌvɒl(ə)nˈtɪə/	noun	noun	
vote	/vəʊt/	/vəʊt/	noun	noun	
vowel	/ˈvaʊ.əl/	/ˈvaʊ.əl/	noun	noun	
voyage	/ˈvɔɪ.ɪdʒ/	/ˈvɔɪ.ɪdʒ/	noun	noun	
vulgar	/ˈvʌl.ɡə/	/ˈvʌl.ɡə/	adjective	adjective	
vulnerable	/ˈvʌln(ə)rəbl/	/ˈvʌln(ə)rəbl/	adjective	adjective	
wage	/weɪdʒ/	/weɪdʒ/	noun	noun	
wagon	/ˈwæɡən/	/ˈwæɡən/	noun	noun	
waist	/weɪst/	/weɪst/	noun	noun	
wait	/weɪt/	/weɪt/	verb	verb	
waiter	/ˈweɪtə/	/ˈweɪtə/	noun	noun	
waitress	/ˈweɪ.trɪs/	/ˈweɪ.trɪs/	noun	noun	
wake	/ˈweɪk/	/ˈweɪk/	verb	verb	
waken	/ˈweɪkən/	/ˈweɪkən/	verb	verb	
walk	/wɔːk/	/wɔːk/	verb	verb	
wall	/wɔːl/	/wɔːl/	noun	noun	
wallet	/ˈwɒl.ɪt/	/ˈwɒl.ɪt/	noun	noun	
wander	/ˈwɒndə/	/ˈwɒndə/	verb	verb	
want	/ˈwant/		verb	verb	同形异读（多个读音段）
war	/wɔː/	/wɔː/	noun	noun	
warehouse	/ˈweə(r)haʊs/	/ˈweə(r)haʊs/	noun	noun	
warfare	/ˈwɔːfeə/	/ˈwɔːfeə/	noun	noun	
warm	/wɔːm/	/wɔːm/	adjective	adjective	
warmth	/wɔːmθ/	/wɔːmθ/	noun	noun	
warn	/wɔːn/	/wɔːn/	verb	verb	
warrant	/ˈwɒrənt/	/ˈwɒrənt/	noun	noun	
wash	/wɒʃ/	/wɒʃ/	verb	verb	
waste	/ˈweɪst/	/ˈweɪst/	noun	noun	
watch	/ˈwɒtʃ/	/ˈwɒtʃ/	noun	noun	
water	/ˈwɔː.tə/	/ˈwɔː.tə/	noun	noun	
waterfall	/ˈwɔːtəfɔːl/	/ˈwɔːtəfɔːl/	noun	noun	
waterproof	/ˈwɔːtəˌpruːf/	/ˈwɔːtəˌpruːf/	adjective	adjective	
watt	/wɒt/	/wɒt/	noun	noun	
wave	/weɪv/	/weɪv/	verb	verb	
wax	/waks/	/waks/	noun	noun	
way	/weɪ/	/weɪ/	noun	noun	
weak	/wi(ː)k/	/wi(ː)k/	adjective	adjective	
wealth	/welθ/	/welθ/	noun	noun	
wealthy	/ˈwel.θi/	/ˈwel.θi/	adjective	adjective	
weapon	/ˈwep.ən/	/ˈwep.ən/	noun	noun	
wear	/weə/	/weə/	verb	verb	
weary	/ˈwɪəri/	/ˈwɪəri/	adjective	adjective	
weather	/ˈweðə/	/ˈweðə/	noun	noun	
weave	/wiːv/	/wiːv/	verb	verb	
web	/web/	/web/	noun	noun	
wedding	/ˈwedɪŋ/	/ˈwedɪŋ/	noun	noun	
wedge	/wedʒ/	/wedʒ/	noun	noun	
weed	/wiːd/	/wiːd/	noun	noun	
week	/wiːk/	/wiːk/	noun	noun	
weekday	/ˈwiːkdeɪ/	/ˈwiːkdeɪ/	noun	noun	
weekend	/ˈweekend/		noun	noun	重音歧义(候选之一 /wiːˈkend/)
weekly	/ˈwiːk.li/	/ˈwiːk.li/	adverb	adverb	
weep	/ˈwiːp/	/ˈwiːp/	verb	verb	
weigh	/weɪ/	/weɪ/	verb	verb	
weight	/weɪt/	/weɪt/	noun	noun	
weird	/ˈwɪə(r)d/	/ˈwɪə(r)d/	adjective	adjective	
welcome	/ˈwel.kəm/	/ˈwel.kəm/	adjective	adjective	
weld	/weld/	/weld/	noun	noun	
welfare	/ˈwelˌfeə/	/ˈwelˌfeə/	noun	noun	
well	/ˈwel/	/ˈwel/	adverb	adverb	
west	/west/	/west/	noun	noun	
western	/ˈwestən/	/ˈwestən/	adjective	adjective	
wet	/wet/	/wet/	adjective	adjective	
whale	/ˈweɪl/	/ˈweɪl/	noun	noun	
whatever	/wɒtˈev.ə/	/wɒtˈev.ə/	noun	noun	
wheat	/ˈwiːt/	/ˈwiːt/	noun	noun	
wheel	/ˈwiːl/	/ˈwiːl/	noun	noun	
whenever	/wəˈnevə/	/wəˈnevə/	conjunction	conjunction	
wherever	/weəˈrevə/	/weəˈrevə/	adverb	adverb	
whichever	/ˈwhichever/		pronoun	pronoun	窄式记音超出库内字符集
whip	/ˈwɪp/	/ˈwɪp/	noun	noun	
whirl	/wɜːl/	/wɜːl/	verb	verb	
whisky	/ˈwɪski/	/ˈwɪski/	noun	noun	
whisper	/ˈ(h)wɪspə/	/ˈ(h)wɪspə/	noun	noun	
whistle	/ˈwɪs(ə)l/	/ˈwɪs(ə)l/	noun	noun	
white	/ˈwaɪt/	/ˈwaɪt/	adjective	adjective	
whoever	/huˈevə/	/huˈevə/	pronoun	pronoun	
whole	/həʊl/	/həʊl/	adjective	adjective	
wholesome	/ˈhəʊl.səm/	/ˈhəʊl.səm/	adjective	adjective	
wholly	/ˈhəʊ.li/	/ˈhəʊ.li/	adverb	adverb	
why	/waɪ/	/waɪ/	adverb	adverb	
wicked	/ˈwicked/		adjective	adjective	同形异读（多个读音段）
wide	/waɪd/	/waɪd/	adjective	adjective	
widespread	/ˈwidespread/		adjective	adjective	重音歧义(候选之一 /ˌwaɪdˈspred/)
widow	/ˈwɪd.əʊ/	/ˈwɪd.əʊ/	noun	noun	
width	/ˈwɪtθ/	/ˈwɪtθ/	noun	noun	
wife	/waɪf/	/waɪf/	noun	noun	
wild	/ˈwaɪld/	/ˈwaɪld/	adjective	adjective	
willing	/ˈwɪlɪŋ/	/ˈwɪlɪŋ/	adjective	adjective	
win	/ˈwɪn/	/ˈwɪn/	verb	verb	
wind	/ˈwind/		noun	noun	同形异读（多个读音段）
window	/ˈwɪndəʊ/	/ˈwɪndəʊ/	noun	noun	
wine	/ˈwaɪn/	/ˈwaɪn/	noun	noun	
wing	/wɪŋ/	/wɪŋ/	noun	noun	
wink	/ˈwɪŋk/	/ˈwɪŋk/	verb	verb	
winter	/ˈwɪntə/	/ˈwɪntə/	noun	noun	
wipe	/waɪp/	/waɪp/	verb	verb	
wire	/waɪə(r)/	/waɪə(r)/	noun	noun	
wisdom	/ˈwɪzdəm/	/ˈwɪzdəm/	noun	noun	
wise	/waɪz/	/waɪz/	adjective	adjective	
wish	/ˈwɪʃ/	/ˈwɪʃ/	noun	noun	
wit	/ˈwit/		noun	noun	同形异读（多个读音段）
witch	/wɪtʃ/	/wɪtʃ/	noun	noun	
withdraw	/wɪðˈdrɔː/	/wɪðˈdrɔː/	verb	verb	
withhold	/wɪθˈhəʊld/	/wɪθˈhəʊld/	verb	verb	
within	/wɪðˈɪn/	/wɪðˈɪn/	preposition	preposition	
without	/wɪðˈaʊt/	/wɪðˈaʊt/	adverb	adverb	
withstand	/wɪðˈstænd/	/wɪðˈstænd/	verb	verb	
witness	/ˈwɪt.nɪs/	/ˈwɪt.nɪs/	noun	noun	
wolf	/wʊlf/	/wʊlf/	noun	noun	
woman	/ˈwʊmən/	/ˈwʊmən/	noun	noun	
wonder	/ˈwʌndə/	/ˈwʌndə/	noun	noun	
wonderful	/ˈwʌndəfl/	/ˈwʌndəfl/	adjective	adjective	
wood	/wʊd/	/wʊd/	noun	noun	
wooden	/ˈwʊdn/	/ˈwʊdn/	adjective	adjective	
wool	/wʊl/	/wʊl/	noun	noun	
word	/wɜːd/	/wɜːd/	noun	noun	
work	/wɜːk/	/wɜːk/	noun	noun	
worker	/ˈwɜː.kə/	/ˈwɜː.kə/	noun	noun	
workshop	/ˈwɜːk.ʃɒp/	/ˈwɜːk.ʃɒp/	noun	noun	
world	/wɜːld/	/wɜːld/	noun	noun	
worldwide	/ˈworldwide/		adjective	adjective	重音歧义(候选之一 /ˈwɜːldˌwaɪd/)
worm	/wɜːm/	/wɜːm/	noun	noun	
worry	/ˈwʌ.ri/	/ˈwʌ.ri/	verb	verb	
worse	/wɜːs/	/wɜːs/	adjective	adjective	
worship	/ˈwɜː.ʃɪp/	/ˈwɜː.ʃɪp/	noun	noun	
worst	/wɜːst/	/wɜːst/	adjective	adjective	
worth	/ˈwɜːθ/	/ˈwɜːθ/	adjective	adjective	
worthwhile	/ˌwɜː(r)θˈwaɪl/	/ˌwɜː(r)θˈwaɪl/	adjective	adjective	
worthy	/ˈwɜː.ði/	/ˈwɜː.ði/	adjective	adjective	
wound	/ˈwound/		noun	noun	同形异读（多个读音段）
wrap	/ræp/	/ræp/	verb	verb	
wreath	/ˈwreath/		noun	noun	同形异读（多个读音段）
wreck	/ˈrek/	/ˈrek/	noun	noun	
wrench	/ˈrentʃ/	/ˈrentʃ/	noun	noun	
wretched	/ˈretʃɪd/	/ˈretʃɪd/	adjective	adjective	
wrinkle	/ˈrɪŋkl/	/ˈrɪŋkl/	noun	noun	
wrist	/rɪst/	/rɪst/	noun	noun	
write	/raɪt/	/raɪt/	verb	verb	
writing	/ˈraɪtɪŋ/	/ˈraɪtɪŋ/	noun	noun	
wrong	/ˈrɒŋ/	/ˈrɒŋ/	adjective/adverb/noun		保留原词性(adjective/adverb/noun)
yard	/ˈjɑːd/	/ˈjɑːd/	noun	noun	
yawn	/jɔːn/	/jɔːn/	verb/noun		保留原词性(verb/noun)
year	/jɪə/	/jɪə/	noun	noun	
yearly	/ˈjɪəli/	/ˈjɪəli/	adjective/adverb		保留原词性(adjective/adverb)
yell	/jel/	/jel/	verb/noun		保留原词性(verb/noun)
yellow	/ˈjeləʊ/	/ˈjeləʊ/	adjective/noun		保留原词性(adjective/noun)
yes	/jes/	/jes/	adverb/noun		保留原词性(adverb/noun)
yesterday	/ˈjestədeɪ/	/ˈjestədeɪ/	adverb/noun		保留原词性(adverb/noun)
yield	/jiːld/	/jiːld/	verb/noun		保留原词性(verb/noun)
young	/jʊŋɡ/	/jʊŋɡ/	adjective/noun		保留原词性(adjective/noun)
youngster	/ˈjʌŋstə/	/ˈjʌŋstə/	noun	noun	
yours	/jɔː(r)z/	/jɔː(r)z/	pronoun	pronoun	
yourself	/jəˈself/	/jəˈself/	pronoun	pronoun	
youth	/juːθ/	/juːθ/	noun	noun	
zeal	/ziːl/	/ziːl/	noun	noun	
zebra	/ˈziː.brə/	/ˈziː.brə/	noun	noun	
zigzag	/ˈzɪɡ.zæɡ/	/ˈzɪɡ.zæɡ/	noun/adjective		保留原词性(noun/adjective)
zinc	/ˈzɪŋk/	/ˈzɪŋk/	noun	noun	
zip	/zɪp/	/zɪp/	verb/noun		保留原词性(verb/noun)
zone	/zəʊn/	/zəʊn/	noun/verb		保留原词性(noun/verb)
zoo	/zuː/	/zuː/	noun	noun	
zoom	/zuːm/	/zuːm/	verb/noun		保留原词性(verb/noun)
